tag,count,href,category
Jesse Pinkman,2277,/tags/Jesse%20Pinkman,c
Walter White,1551,/tags/Walter%20White,c
Jane Margolis,195,/tags/Jane%20Margolis,c
Skyler White,335,/tags/Skyler%20White,c
Gustavo Fring,509,/tags/Gustavo%20Fring,c
Jesse Pinkman/Walter White,935,/tags/Jesse%20Pinkman*s*Walter%20White,r
Hank Schrader,171,/tags/Hank%20Schrader,c
Ted Beneke,7,/tags/Ted%20Beneke,c
Gretchen Schwartz,12,/tags/Gretchen%20Schwartz,c
Marie Schrader,153,/tags/Marie%20Schrader,c
Jane Margolis/Jesse Pinkman,139,/tags/Jane%20Margolis*s*Jesse%20Pinkman,r
Mike Ehrmantraut,682,/tags/Mike%20Ehrmantraut,c
Ray Person/Jesse Pinkman,1,/tags/Ray%20Person*s*Jesse%20Pinkman,r
Max Arciniega,61,/tags/Max%20Arciniega,c
Jesse Pinkman/Skyler White,24,/tags/Jesse%20Pinkman*s*Skyler%20White,r
Gale Boetticher,65,/tags/Gale%20Boetticher,c
Andrea Cantillo,97,/tags/Andrea%20Cantillo,c
Brock Cantillo,71,/tags/Brock%20Cantillo,c
Gale Boetticher/Walter White,9,/tags/Gale%20Boetticher*s*Walter%20White,r
Tyrus Kitt/Jesse Pinkman,2,/tags/Tyrus%20Kitt*s*Jesse%20Pinkman,r
Tyrus Kitt,43,/tags/Tyrus%20Kitt,c
Donald Margolis,35,/tags/Donald%20Margolis,c
Andrea Cantillo/Jesse Pinkman,63,/tags/Andrea%20Cantillo*s*Jesse%20Pinkman,r
Steven Gomez,20,/tags/Steven%20Gomez,c
Skyler White/Walter White,60,/tags/Skyler%20White*s*Walter%20White,r
Gale Boetticher/Jesse Pinkman,0,/tags/Gale%20Boetticher*s*Jesse%20Pinkman,r
Donald Margolis/Jesse Pinkman,3,/tags/Donald%20Margolis*s*Jesse%20Pinkman,r
Max Arciniega/Gustavo Fring,67,/tags/Max%20Arciniega*s*Gustavo%20Fring,r
Gustavo Fring/Jesse Pinkman,33,/tags/Gustavo%20Fring*s*Jesse%20Pinkman,r
Episode: s05e07 Say My Name,0,/tags/Episode:%20s05e07%20Say%20My%20Name,f
Lydia Rodarte-Quayle,145,/tags/Lydia%20Rodarte-Quayle,c
Marie Schrader & Skyler White,11,/tags/Marie%20Schrader%20*a*%20Skyler%20White,r
Lydia Rodarte-Quayle/Walter White,3,/tags/Lydia%20Rodarte-Quayle*s*Walter%20White,r
Jake Pinkman,30,/tags/Jake%20Pinkman,c
Gale Boetticher/Gustavo Fring,8,/tags/Gale%20Boetticher*s*Gustavo%20Fring,r
Tomás Cantillo,3,/tags/Tom%C3%A1s%20Cantillo,c
Jane Margolis/Jesse Pinkman/Walter White,2,/tags/Jane%20Margolis*s*Jesse%20Pinkman*s*Walter%20White,r
Jesse Pinkman/Other(s),24,/tags/Jesse%20Pinkman*s*Other(s),r
Will Graham & Jesse Pinkman,1,/tags/Will%20Graham%20*a*%20Jesse%20Pinkman,r
Jesse Pinkman/Lydia Rodarte-Quayle,4,/tags/Jesse%20Pinkman*s*Lydia%20Rodarte-Quayle,r
Todd Alquist/Lydia Rodarte-Quayle,22,/tags/Todd%20Alquist*s*Lydia%20Rodarte-Quayle,r
Todd Alquist,187,/tags/Todd%20Alquist,c
Hank Schrader/Marie Schrader,21,/tags/Hank%20Schrader*s*Marie%20Schrader,r
Kaylee Ehrmantraut,35,/tags/Kaylee%20Ehrmantraut,c
Leonel Salamanca,82,/tags/Leonel%20Salamanca,c
Marco Salamanca,85,/tags/Marco%20Salamanca,c
Declan (Breaking Bad),3,/tags/Declan%20(Breaking%20Bad),c
Jesse Pinkman & Walter White,247,/tags/Jesse%20Pinkman%20*a*%20Walter%20White,r
Walter White's Parents,1,/tags/Walter%20White's%20Parents,c
Jack Welker,76,/tags/Jack%20Welker,c
Jesse Pinkman/Original Female Character(s),44,/tags/Jesse%20Pinkman*s*Original%20Female%20Character(s),r
Todd Alquist/Andrea Cantillo,2,/tags/Todd%20Alquist*s*Andrea%20Cantillo,r
Todd Alquist/Jesse Pinkman,79,/tags/Todd%20Alquist*s*Jesse%20Pinkman,r
Daryl Dixon/Jesse Pinkman,2,/tags/Daryl%20Dixon*s*Jesse%20Pinkman,r
Kenny (Breaking Bad),34,/tags/Kenny%20(Breaking%20Bad),c
Mike Ehrmantraut/Jesse Pinkman,81,/tags/Mike%20Ehrmantraut*s*Jesse%20Pinkman,r
"Christian ""Combo"" Ortega",17,/tags/Christian%20%22Combo%22%20Ortega,c
Kiira Rodarte-Quayle,27,/tags/Kiira%20Rodarte-Quayle,c
Mike Ehrmantraut/Lydia Rodarte-Quayle,1,/tags/Mike%20Ehrmantraut*s*Lydia%20Rodarte-Quayle,r
Gustavo Fring/Lydia Rodarte-Quayle,2,/tags/Gustavo%20Fring*s*Lydia%20Rodarte-Quayle,r
Jesse Pinkman/Wendy,3,/tags/Jesse%20Pinkman*s*Wendy,r
Community: brbakinkmeme,6,/tags/Community:%20brbakinkmeme,f
Brock Cantillo/Kaylee Ehrmantraut,1,/tags/Brock%20Cantillo*s*Kaylee%20Ehrmantraut,r
Haley (Walking Dead)/Jesse Pinkman,0,/tags/Haley%20(Walking%20Dead)*s*Jesse%20Pinkman,r
Huell Babineaux,21,/tags/Huell%20Babineaux,c
Gustavo Fring & Lydia Rodarte-Quayle,15,/tags/Gustavo%20Fring%20*a*%20Lydia%20Rodarte-Quayle,r
Wendy (Breaking Bad),17,/tags/Wendy%20(Breaking%20Bad),c
Brock Cantillo/Kiira Rodarte-Quayle,0,/tags/Brock%20Cantillo*s*Kiira%20Rodarte-Quayle,r
Kiira Rodarte-Quayle & Lydia Rodarte-Quayle,2,/tags/Kiira%20Rodarte-Quayle%20*a*%20Lydia%20Rodarte-Quayle,r
Mike Ehrmantraut & Jesse Pinkman,63,/tags/Mike%20Ehrmantraut%20*a*%20Jesse%20Pinkman,r
Episode: s05e15 Granite State,9,/tags/Episode:%20s05e15%20Granite%20State,f
Aunt Ginny (Breaking Bad),20,/tags/Aunt%20Ginny%20(Breaking%20Bad),c
Jesse Pinkman/Marie Schrader,21,/tags/Jesse%20Pinkman*s*Marie%20Schrader,r
Jesse Pinkman/Skyler White/Walter White,8,/tags/Jesse%20Pinkman*s*Skyler%20White*s*Walter%20White,r
Blue Christmeth,5,/tags/Blue%20Christmeth,f
Blue Christmeth 2013,1,/tags/Blue%20Christmeth%202013,f
Mike Ehrmantraut/Original Female Character(s),5,/tags/Mike%20Ehrmantraut*s*Original%20Female%20Character(s),r
Todd Alquist & Jesse Pinkman,16,/tags/Todd%20Alquist%20*a*%20Jesse%20Pinkman,r
Patrick Kuby,9,/tags/Patrick%20Kuby,c
Jesse Pinkman/Original Male Character(s),28,/tags/Jesse%20Pinkman*s*Original%20Male%20Character(s),r
Episode: s05e08 Gliding Over All,0,/tags/Episode:%20s05e08%20Gliding%20Over%20All,f
Episode: s05e16 Felina,16,/tags/Episode:%20s05e16%20Felina,f
Haruno Sakura/Jesse Pinkman,1,/tags/Haruno%20Sakura*s*Jesse%20Pinkman,r
Tuco Salamanca,122,/tags/Tuco%20Salamanca,c
Episode: s03e13 Full Measure,1,/tags/Episode:%20s03e13%20Full%20Measure,f
Emilio Koyama,18,/tags/Emilio%20Koyama,c
Jesse Pinkman/Alex Russo,1,/tags/Jesse%20Pinkman*s*Alex%20Russo,r
Jesse Pinkman & Sarah Jane Smith,1,/tags/Jesse%20Pinkman%20*a*%20Sarah%20Jane%20Smith,r
Alistair Gordon Lethbridge-Stewart & Jesse Pinkman,0,/tags/Alistair%20Gordon%20Lethbridge-Stewart%20*a*%20Jesse%20Pinkman,r
Donna Noble & Jesse Pinkman,0,/tags/Donna%20Noble%20*a*%20Jesse%20Pinkman,r
Jack Harkness & Jesse Pinkman,0,/tags/Jack%20Harkness%20*a*%20Jesse%20Pinkman,r
Martha Jones & Jesse Pinkman,0,/tags/Martha%20Jones%20*a*%20Jesse%20Pinkman,r
Mike Ehrmantraut & Lydia Rodarte-Quayle,6,/tags/Mike%20Ehrmantraut%20*a*%20Lydia%20Rodarte-Quayle,r
Delores (Breaking Bad),5,/tags/Delores%20(Breaking%20Bad),c
Hector Salamanca,145,/tags/Hector%20Salamanca,c
Hal (Malcolm in the Middle)/Walter White,0,/tags/Hal%20(Malcolm%20in%20the%20Middle)*s*Walter%20White,r
Hal (Malcolm in the Middle)/Jesse Pinkman/Walter White,0,/tags/Hal%20(Malcolm%20in%20the%20Middle)*s*Jesse%20Pinkman*s*Walter%20White,r
Jesse Pinkman/Hank Schrader,6,/tags/Jesse%20Pinkman*s*Hank%20Schrader,r
Bottom Jesse Pinkman,35,/tags/Bottom%20Jesse%20Pinkman,f
Peter Schuler,6,/tags/Peter%20Schuler,c
Molly Hooper/Jesse Pinkman,0,/tags/Molly%20Hooper*s*Jesse%20Pinkman,r
Episode: s02e04 Down,2,/tags/Episode:%20s02e04%20Down,f
"James ""Bucky"" Barnes & Jesse Pinkman",1,/tags/James%20%22Bucky%22%20Barnes%20*a*%20Jesse%20Pinkman,r
Jesse Pinkman/Dean Winchester,2,/tags/Jesse%20Pinkman*s*Dean%20Winchester,r
Group Leader (Breaking Bad),3,/tags/Group%20Leader%20(Breaking%20Bad),c
Gustavo Fring/Walter White,2,/tags/Gustavo%20Fring*s*Walter%20White,r
Ellie Goulding/Jesse Pinkman,0,/tags/Ellie%20Goulding*s*Jesse%20Pinkman,r
Louis Corbett,10,/tags/Louis%20Corbett,c
Pamela (Breaking Bad),1,/tags/Pamela%20(Breaking%20Bad),c
Carmela Soprano/Skyler White,0,/tags/Carmela%20Soprano*s*Skyler%20White,r
"Rustin ""Rust"" Cohle & Jesse Pinkman",2,/tags/Rustin%20%22Rust%22%20Cohle%20*a*%20Jesse%20Pinkman,r
Jesse Pinkman & Skyler White,11,/tags/Jesse%20Pinkman%20*a*%20Skyler%20White,r
Jake Pinkman & Jesse Pinkman,0,/tags/Jake%20Pinkman%20*a*%20Jesse%20Pinkman,r
Gustavo Fring/Original Female Character(s),5,/tags/Gustavo%20Fring*s*Original%20Female%20Character(s),r
Andrea Cantillo & Jesse Pinkman,0,/tags/Andrea%20Cantillo%20*a*%20Jesse%20Pinkman,r
Mike Ehrmantraut & Walter White,5,/tags/Mike%20Ehrmantraut%20*a*%20Walter%20White,r
Penny (Big Bang Theory)/Jesse Pinkman,0,/tags/Penny%20(Big%20Bang%20Theory)*s*Jesse%20Pinkman,r
Breaking Bad Spoilers,36,/tags/Breaking%20Bad%20Spoilers,f
Castiel (Supernatural) & Jesse Pinkman,0,/tags/Castiel%20(Supernatural)%20*a*%20Jesse%20Pinkman,r
Andrea Cantillo & Jane Margolis,1,/tags/Andrea%20Cantillo%20*a*%20Jane%20Margolis,r
Andrea Cantillo/Jane Margolis,3,/tags/Andrea%20Cantillo*s*Jane%20Margolis,r
Jane Margolis & Skyler White,0,/tags/Jane%20Margolis%20*a*%20Skyler%20White,r
Lydia Rodarte-Quayle & Skyler White,1,/tags/Lydia%20Rodarte-Quayle%20*a*%20Skyler%20White,r
Lydia Rodarte-Quayle/Skyler White,13,/tags/Lydia%20Rodarte-Quayle*s*Skyler%20White,r
Declan (Breaking Bad)/Original Character(s),0,/tags/Declan%20(Breaking%20Bad)*s*Original%20Character(s),r
Drew Sharp,4,/tags/Drew%20Sharp,c
Brock Cantillo & Jesse Pinkman,6,/tags/Brock%20Cantillo%20*a*%20Jesse%20Pinkman,r
Jesse Pinkman & Lydia Rodarte-Quayle,6,/tags/Jesse%20Pinkman%20*a*%20Lydia%20Rodarte-Quayle,r
Gustavo Fring & Jesse Pinkman,13,/tags/Gustavo%20Fring%20*a*%20Jesse%20Pinkman,r
Jesse Pinkman & Holly White,7,/tags/Jesse%20Pinkman%20*a*%20Holly%20White,r
Episode: s05e05 Dead Freight,1,/tags/Episode:%20s05e05%20Dead%20Freight,f
Jesse Pinkman/You,19,/tags/Jesse%20Pinkman*s*You,r
Mike Ehrmantraut & Holly White,1,/tags/Mike%20Ehrmantraut%20*a*%20Holly%20White,r
Post-Breaking Bad,24,/tags/Post-Breaking%20Bad,f
Jesse Pinkman/Carrie White,3,/tags/Jesse%20Pinkman*s*Carrie%20White,r
Cynthia/Gustavo Fring,2,/tags/Cynthia*s*Gustavo%20Fring,r
Gale Boetticher/Victor,3,/tags/Gale%20Boetticher*s*Victor,r
Will Graham/Jesse Pinkman,2,/tags/Will%20Graham*s*Jesse%20Pinkman,r
Cynthia/Leonel Salamanca,1,/tags/Cynthia*s*Leonel%20Salamanca,r
Gustavo Fring/Skyler White,2,/tags/Gustavo%20Fring*s*Skyler%20White,r
Stacey Ehrmantraut,21,/tags/Stacey%20Ehrmantraut,c
Elliott Schwartz,8,/tags/Elliott%20Schwartz,c
Jesse Pinkman/Jon Snow,0,/tags/Jesse%20Pinkman*s*Jon%20Snow,r
Cynthia (Breaking Bad),0,/tags/Cynthia%20(Breaking%20Bad),c
Victor (Breaking Bad),39,/tags/Victor%20(Breaking%20Bad),c
Jesse Pinkman & Tyreese Williams,0,/tags/Jesse%20Pinkman%20*a*%20Tyreese%20Williams,r
Rick Grimes & Jesse Pinkman,1,/tags/Rick%20Grimes%20*a*%20Jesse%20Pinkman,r
Frankie (Breaking Bad),4,/tags/Frankie%20(Breaking%20Bad),c
Lester (Breaking Bad),7,/tags/Lester%20(Breaking%20Bad),c
Matt (Breaking Bad),4,/tags/Matt%20(Breaking%20Bad),c
Jesse Pinkman & Sasha Williams & Tyreese Williams,0,/tags/Jesse%20Pinkman%20*a*%20Sasha%20Williams%20*a*%20Tyreese%20Williams,r
Breaking Bad References,105,/tags/Breaking%20Bad%20References,f
Jesse Pinkman/Jack Welker,6,/tags/Jesse%20Pinkman*s*Jack%20Welker,r
Jesse Pinkman/Original Character(s),6,/tags/Jesse%20Pinkman*s*Original%20Character(s),r
Blanca Gomez,2,/tags/Blanca%20Gomez,c
Female Jesse Pinkman,4,/tags/Female%20Jesse%20Pinkman,f
Lorne Malvo/Jesse Pinkman,2,/tags/Lorne%20Malvo*s*Jesse%20Pinkman,r
Lorne Malvo & Jesse Pinkman,2,/tags/Lorne%20Malvo%20*a*%20Jesse%20Pinkman,r
Jane Margolis & Jesse Pinkman,9,/tags/Jane%20Margolis%20*a*%20Jesse%20Pinkman,r
Episode: s03e07 One Minute,5,/tags/Episode:%20s03e07%20One%20Minute,f
Blue Christmeth 2015,2,/tags/Blue%20Christmeth%202015,f
Elliott Schwartz/Gretchen Schwartz,2,/tags/Elliott%20Schwartz*s*Gretchen%20Schwartz,r
Episode: s04e01 Box Cutter,2,/tags/Episode:%20s04e01%20Box%20Cutter,f
Gustavo Fring/Original Male Character(s),3,/tags/Gustavo%20Fring*s*Original%20Male%20Character(s),r
Gustavo Fring/Original Character(s),3,/tags/Gustavo%20Fring*s*Original%20Character(s),r
Walter White/Original Female Character(s),0,/tags/Walter%20White*s*Original%20Female%20Character(s),r
Jimmy McGill | Saul Goodman,1275,/tags/Jimmy%20McGill%20%7C%20Saul%20Goodman,c
Jimmy McGill | Saul Goodman/You,36,/tags/Jimmy%20McGill%20%7C%20Saul%20Goodman*s*You,r
Jimmy McGill | Saul Goodman/Other(s),8,/tags/Jimmy%20McGill%20%7C%20Saul%20Goodman*s*Other(s),r
Jimmy McGill | Saul Goodman/Original Male Character(s),7,/tags/Jimmy%20McGill%20%7C%20Saul%20Goodman*s*Original%20Male%20Character(s),r
Jimmy McGill | Saul Goodman/Original Female Character(s),25,/tags/Jimmy%20McGill%20%7C%20Saul%20Goodman*s*Original%20Female%20Character(s),r
Jimmy McGill | Saul Goodman/Original Character(s),29,/tags/Jimmy%20McGill%20%7C%20Saul%20Goodman*s*Original%20Character(s),r
Jimmy McGill | Saul Goodman/Marie Schrader,1,/tags/Jimmy%20McGill%20%7C%20Saul%20Goodman*s*Marie%20Schrader,r
Jimmy McGill | Saul Goodman & Walter White,11,/tags/Jimmy%20McGill%20%7C%20Saul%20Goodman%20*a*%20Walter%20White,r
Jimmy McGill | Saul Goodman/Walter White,16,/tags/Jimmy%20McGill%20%7C%20Saul%20Goodman*s*Walter%20White,r
Jimmy McGill | Saul Goodman/Skyler White,2,/tags/Jimmy%20McGill%20%7C%20Saul%20Goodman*s*Skyler%20White,r
Jimmy McGill | Saul Goodman & Skyler White,3,/tags/Jimmy%20McGill%20%7C%20Saul%20Goodman%20*a*%20Skyler%20White,r
Jimmy McGill | Saul Goodman/Jesse Pinkman,89,/tags/Jimmy%20McGill%20%7C%20Saul%20Goodman*s*Jesse%20Pinkman,r
Jimmy McGill | Saul Goodman & Lydia Rodarte-Quayle,0,/tags/Jimmy%20McGill%20%7C%20Saul%20Goodman%20*a*%20Lydia%20Rodarte-Quayle,r
Jimmy McGill | Saul Goodman & Jesse Pinkman,28,/tags/Jimmy%20McGill%20%7C%20Saul%20Goodman%20*a*%20Jesse%20Pinkman,r
Mike Ehrmantraut & Jimmy McGill | Saul Goodman,19,/tags/Mike%20Ehrmantraut%20*a*%20Jimmy%20McGill%20%7C%20Saul%20Goodman,r
Dr. Frederick Chilton/Jimmy McGill | Saul Goodman,0,/tags/Dr*d*%20Frederick%20Chilton*s*Jimmy%20McGill%20%7C%20Saul%20Goodman,r
Jimmy McGill | Saul Goodman/Tuco Salamanca,2,/tags/Jimmy%20McGill%20%7C%20Saul%20Goodman*s*Tuco%20Salamanca,r
Episode: s02e09 4 Days Out,12,/tags/Episode:%20s02e09%204%20Days%20Out,f
Episode: s04e05 Shotgun,2,/tags/Episode:%20s04e05%20Shotgun,f
Episode: s05e12 Rabid Dog,3,/tags/Episode:%20s05e12%20Rabid%20Dog,f
Episode: s05e11 Confessions,3,/tags/Episode:%20s05e11%20Confessions,f
Episode: s05e10 Buried,0,/tags/Episode:%20s05e10%20Buried,f
Episode: s05e14 Ozymandias,4,/tags/Episode:%20s05e14%20Ozymandias,f
Episode: s05e13 To'hajiilee,0,/tags/Episode:%20s05e13%20To'hajiilee,f
The Disappearer | Ed,16,/tags/The%20Disappearer%20%7C%20Ed,c
Mike Ehrmantraut/Jimmy McGill | Saul Goodman,83,/tags/Mike%20Ehrmantraut*s*Jimmy%20McGill%20%7C%20Saul%20Goodman,r
Group Leader/Jesse Pinkman,0,/tags/Group%20Leader*s*Jesse%20Pinkman,r
Kenny/Jesse Pinkman,3,/tags/Kenny*s*Jesse%20Pinkman,r
Pamela/Skyler White,0,/tags/Pamela*s*Skyler%20White,r
Skyler White/Original Female Character(s),0,/tags/Skyler%20White*s*Original%20Female%20Character(s),r
Mrs. Cantillo (Breaking Bad),2,/tags/Mrs*d*%20Cantillo%20(Breaking%20Bad),c
Spooge's Son (Breaking Bad),1,/tags/Spooge's%20Son%20(Breaking%20Bad),c
"Domingo ""Krazy-8"" Molina",121,/tags/Domingo%20%22Krazy-8%22%20Molina,c
"Domingo ""Krazy-8"" Molina/Jesse Pinkman",1,/tags/Domingo%20%22Krazy-8%22%20Molina*s*Jesse%20Pinkman,r
"Brandon ""Badger"" Mayhew",143,/tags/Brandon%20%22Badger%22%20Mayhew,c
"Brandon ""Badger"" Mayhew & Jesse Pinkman & Skinny Pete",10,/tags/Brandon%20%22Badger%22%20Mayhew%20*a*%20Jesse%20Pinkman%20*a*%20Skinny%20Pete,r
"Brandon ""Badger"" Mayhew & Skinny Pete",4,/tags/Brandon%20%22Badger%22%20Mayhew%20*a*%20Skinny%20Pete,r
"Brandon ""Badger"" Mayhew/Jesse Pinkman",30,/tags/Brandon%20%22Badger%22%20Mayhew*s*Jesse%20Pinkman,r
"Brandon ""Badger"" Mayhew/Skinny Pete",7,/tags/Brandon%20%22Badger%22%20Mayhew*s*Skinny%20Pete,r
Jesse Pinkman/Tuco Salamanca,1,/tags/Jesse%20Pinkman*s*Tuco%20Salamanca,r
Episode: s02e02 Grilled,2,/tags/Episode:%20s02e02%20Grilled,f
Episode: s04e03 Open House,2,/tags/Episode:%20s04e03%20Open%20House,f
Jesse Pinkman/Undisclosed,2,/tags/Jesse%20Pinkman*s*Undisclosed,r
Jesse Pinkman & Hank Schrader,6,/tags/Jesse%20Pinkman%20*a*%20Hank%20Schrader,r
"Jesse Pinkman & Walter ""Flynn"" White Jr.",14,/tags/Jesse%20Pinkman%20*a*%20Walter%20%22Flynn%22%20White%20Jr*d*,r
"Walter ""Flynn"" White Jr.",114,/tags/Walter%20%22Flynn%22%20White%20Jr*d*,c
Jane Margolis/Skyler White,0,/tags/Jane%20Margolis*s*Skyler%20White,r
"Jesse Pinkman/Walter ""Flynn"" White Jr.",4,/tags/Jesse%20Pinkman*s*Walter%20%22Flynn%22%20White%20Jr*d*,r
"Louis Corbett & Walter ""Flynn"" White Jr.",1,/tags/Louis%20Corbett%20*a*%20Walter%20%22Flynn%22%20White%20Jr*d*,r
"Louis Corbett/Walter ""Flynn"" White Jr.",4,/tags/Louis%20Corbett*s*Walter%20%22Flynn%22%20White%20Jr*d*,r
"Tobey Marshall/Walter ""Flynn"" White Jr.",0,/tags/Tobey%20Marshall*s*Walter%20%22Flynn%22%20White%20Jr*d*,r
"Walter ""Flynn"" White Jr./Original Male Character(s)",0,/tags/Walter%20%22Flynn%22%20White%20Jr*d**s*Original%20Male%20Character(s),r
Community: breakingbad_art,2,/tags/Community:%20breakingbad_art,f
Mike Ehrmantraut & Victor,2,/tags/Mike%20Ehrmantraut%20*a*%20Victor,r
Barry Goodman,19,/tags/Barry%20Goodman,c
Jesse Pinkman & Original Character(s),5,/tags/Jesse%20Pinkman%20*a*%20Original%20Character(s),r
The Disappearer | Ed & Jesse Pinkman,0,/tags/The%20Disappearer%20%7C%20Ed%20*a*%20Jesse%20Pinkman,r
Jesse Pinkman & Wendy,1,/tags/Jesse%20Pinkman%20*a*%20Wendy,r
Barry Goodman & Jesse Pinkman,0,/tags/Barry%20Goodman%20*a*%20Jesse%20Pinkman,r
Gordy (Breaking Bad),0,/tags/Gordy%20(Breaking%20Bad),c
Gordy's Lady (Breaking Bad),0,/tags/Gordy's%20Lady%20(Breaking%20Bad),c
"Gustavo Fring/Jesse Pinkman/Walter ""Flynn"" White Jr.",0,/tags/Gustavo%20Fring*s*Jesse%20Pinkman*s*Walter%20%22Flynn%22%20White%20Jr*d*,r
Jesse Pinkman & Marie Schrader,3,/tags/Jesse%20Pinkman%20*a*%20Marie%20Schrader,r
Adam Pinkman & Jesse Pinkman,3,/tags/Adam%20Pinkman%20*a*%20Jesse%20Pinkman,r
Adam Pinkman,28,/tags/Adam%20Pinkman,c
Scott Hoffman,0,/tags/Scott%20Hoffman,c
Jimmy McGill | Saul Goodman/Jesse Pinkman/Kim Wexler,7,/tags/Jimmy%20McGill%20%7C%20Saul%20Goodman*s*Jesse%20Pinkman*s*Kim%20Wexler,r
Chuck McGill & Jimmy McGill | Saul Goodman,37,/tags/Chuck%20McGill%20*a*%20Jimmy%20McGill%20%7C%20Saul%20Goodman,r
Happy Mask Salesman/Walter White,1,/tags/Happy%20Mask%20Salesman*s*Walter%20White,r
Episode: s05e03 Hazard Pay,2,/tags/Episode:%20s05e03%20Hazard%20Pay,f
Mike Ehrmantraut & Gustavo Fring,16,/tags/Mike%20Ehrmantraut%20*a*%20Gustavo%20Fring,r
"Mike Ehrmantraut & Ignacio ""Nacho"" Varga",11,/tags/Mike%20Ehrmantraut%20*a*%20Ignacio%20%22Nacho%22%20Varga,r
"Leonel Salamanca/Marco Salamanca/Ignacio ""Nacho"" Varga",4,/tags/Leonel%20Salamanca*s*Marco%20Salamanca*s*Ignacio%20%22Nacho%22%20Varga,r
Walter White Being an Asshole,56,/tags/Walter%20White%20Being%20an%20Asshole,f
Gustavo Fring & Jimmy McGill | Saul Goodman,0,/tags/Gustavo%20Fring%20*a*%20Jimmy%20McGill%20%7C%20Saul%20Goodman,r
Gustavo Fring/Jimmy McGill | Saul Goodman,4,/tags/Gustavo%20Fring*s*Jimmy%20McGill%20%7C%20Saul%20Goodman,r
Juice Ortiz/Jesse Pinkman,1,/tags/Juice%20Ortiz*s*Jesse%20Pinkman,r
Jessica Jones/Jesse Pinkman,0,/tags/Jessica%20Jones*s*Jesse%20Pinkman,r
Blue Christmeth 2014,1,/tags/Blue%20Christmeth%202014,f
Episode: s05e06 Buyout,3,/tags/Episode:%20s05e06%20Buyout,f
Blue Christmeth 2016,1,/tags/Blue%20Christmeth%202016,f
"Christian ""Combo"" Ortega & Jesse Pinkman",1,/tags/Christian%20%22Combo%22%20Ortega%20*a*%20Jesse%20Pinkman,r
Episode: s04e09 Bug,5,/tags/Episode:%20s04e09%20Bug,f
Mike Ehrmantraut/Original Character(s),7,/tags/Mike%20Ehrmantraut*s*Original%20Character(s),r
Donald Margolis & Jane Margolis,3,/tags/Donald%20Margolis%20*a*%20Jane%20Margolis,r
Kaylee Ehrmantraut & Mike Ehrmantraut,4,/tags/Kaylee%20Ehrmantraut%20*a*%20Mike%20Ehrmantraut,r
Sad Jesse Pinkman,13,/tags/Sad%20Jesse%20Pinkman,f
Mike Ehrmantraut/Gustavo Fring,39,/tags/Mike%20Ehrmantraut*s*Gustavo%20Fring,r
Kurt Hummel & Jesse Pinkman,2,/tags/Kurt%20Hummel%20*a*%20Jesse%20Pinkman,r
"Domingo ""Krazy-8"" Molina/Ignacio ""Nacho"" Varga",18,/tags/Domingo%20%22Krazy-8%22%20Molina*s*Ignacio%20%22Nacho%22%20Varga,r
"Mike Ehrmantraut/Ignacio ""Nacho"" Varga",10,/tags/Mike%20Ehrmantraut*s*Ignacio%20%22Nacho%22%20Varga,r
Lydia Rodarte-Quayle/Kim Wexler,30,/tags/Lydia%20Rodarte-Quayle*s*Kim%20Wexler,r
Episode: s05e02 Madrigal,0,/tags/Episode:%20s05e02%20Madrigal,f
Jesse Pinkman/Kim Wexler,0,/tags/Jesse%20Pinkman*s*Kim%20Wexler,r
Kim Wexler/Skyler White,0,/tags/Kim%20Wexler*s*Skyler%20White,r
Aunt Ginny & Jesse Pinkman,0,/tags/Aunt%20Ginny%20*a*%20Jesse%20Pinkman,r
Todd Alquist & Jack Welker,4,/tags/Todd%20Alquist%20*a*%20Jack%20Welker,r
Francesca Liddy,34,/tags/Francesca%20Liddy,c
Francesca Liddy/Kim Wexler,0,/tags/Francesca%20Liddy*s*Kim%20Wexler,r
"Jesse Pinkman & Ignacio ""Nacho"" Varga",8,/tags/Jesse%20Pinkman%20*a*%20Ignacio%20%22Nacho%22%20Varga,r
Blue Christmeth 2017,2,/tags/Blue%20Christmeth%202017,f
Holly White (Breaking Bad),34,/tags/Holly%20White%20(Breaking%20Bad),c
Thomas Teller II/Holly White (Breaking Bad),0,/tags/Thomas%20Teller%20II*s*Holly%20White%20(Breaking%20Bad),r
Holly White (Breaking Bad) & Original Female Character(s),0,/tags/Holly%20White%20(Breaking%20Bad)%20*a*%20Original%20Female%20Character(s),r
Holly White (Breaking Bad)/Original Female Character(s),0,/tags/Holly%20White%20(Breaking%20Bad)*s*Original%20Female%20Character(s),r
Holly White (Breaking Bad)/Original Character(s),0,/tags/Holly%20White%20(Breaking%20Bad)*s*Original%20Character(s),r
Jesse Pinkman Needs a Hug,58,/tags/Jesse%20Pinkman%20Needs%20a%20Hug,f
Mike Ehrmantraut/Jesse Pinkman/Walter White,0,/tags/Mike%20Ehrmantraut*s*Jesse%20Pinkman*s*Walter%20White,r
SAC Ramey (Breaking Bad),0,/tags/SAC%20Ramey%20(Breaking%20Bad),c
Jane Margolis & Original Female Character(s),2,/tags/Jane%20Margolis%20*a*%20Original%20Female%20Character(s),r
Kenny (Breaking Bad) & Original Female Character(s),0,/tags/Kenny%20(Breaking%20Bad)%20*a*%20Original%20Female%20Character(s),r
Skyler White/Original Character(s),0,/tags/Skyler%20White*s*Original%20Character(s),r
Hank Schrader/Walter White,1,/tags/Hank%20Schrader*s*Walter%20White,r
Alternate Universe - Breaking Bad Fusion,9,/tags/Alternate%20Universe%20-%20Breaking%20Bad%20Fusion,f
Skyler White & Walter White,1,/tags/Skyler%20White%20*a*%20Walter%20White,r
Jesse Pinkman & Skyler White & Walter White,1,/tags/Jesse%20Pinkman%20*a*%20Skyler%20White%20*a*%20Walter%20White,r
Gwen Cooper & Jesse Pinkman,1,/tags/Gwen%20Cooper%20*a*%20Jesse%20Pinkman,r
"Jesse Pinkman/Ignacio ""Nacho"" Varga",7,/tags/Jesse%20Pinkman*s*Ignacio%20%22Nacho%22%20Varga,r
Tuco Salamanca/Original Character(s),4,/tags/Tuco%20Salamanca*s*Original%20Character(s),r
Drama Girl/Jimmy McGill | Saul Goodman,0,/tags/Drama%20Girl*s*Jimmy%20McGill%20%7C%20Saul%20Goodman,r
"Hector Salamanca/Ignacio ""Nacho"" Varga",3,/tags/Hector%20Salamanca*s*Ignacio%20%22Nacho%22%20Varga,r
Juan Bolsa,24,/tags/Juan%20Bolsa,c
Gonzo (Breaking Bad),4,/tags/Gonzo%20(Breaking%20Bad),c
No-Doze (Breaking Bad),2,/tags/No-Doze%20(Breaking%20Bad),c
"Marco Salamanca/Ignacio ""Nacho"" Varga",6,/tags/Marco%20Salamanca*s*Ignacio%20%22Nacho%22%20Varga,r
Jesse Pinkman/Leonel Salamanca/Marco Salamanca,0,/tags/Jesse%20Pinkman*s*Leonel%20Salamanca*s*Marco%20Salamanca,r
"Brandon ""Badger"" Mayhew & Jesse Pinkman",11,/tags/Brandon%20%22Badger%22%20Mayhew%20*a*%20Jesse%20Pinkman,r
Jesse Pinkman & Skinny Pete,2,/tags/Jesse%20Pinkman%20*a*%20Skinny%20Pete,r
"Eduardo ""Lalo"" Salamanca",604,/tags/Eduardo%20%22Lalo%22%20Salamanca,c
Diane Pinkman,33,/tags/Diane%20Pinkman,c
Bottom Walter White,14,/tags/Bottom%20Walter%20White,f
Crying Jesse Pinkman,30,/tags/Crying%20Jesse%20Pinkman,f
Jealous Walter White,6,/tags/Jealous%20Walter%20White,f
Top Jesse Pinkman,6,/tags/Top%20Jesse%20Pinkman,f
Omega Jesse Pinkman,2,/tags/Omega%20Jesse%20Pinkman,f
Protective Walter White,27,/tags/Protective%20Walter%20White,f
POV Jesse Pinkman,22,/tags/POV%20Jesse%20Pinkman,f
Skyler White/You,2,/tags/Skyler%20White*s*You,r
"Brandon ""Badger"" Mayhew & Original Character(s)",2,/tags/Brandon%20%22Badger%22%20Mayhew%20*a*%20Original%20Character(s),r
Teenage Jesse Pinkman,5,/tags/Teenage%20Jesse%20Pinkman,f
Blue Christmeth 2019,1,/tags/Blue%20Christmeth%202019,f
Tuco Salamanca/Original Female Character(s),6,/tags/Tuco%20Salamanca*s*Original%20Female%20Character(s),r
Jimmy McGill | Saul Goodman/Lydia Rodarte-Quayle,1,/tags/Jimmy%20McGill%20%7C%20Saul%20Goodman*s*Lydia%20Rodarte-Quayle,r
"Leonel Salamanca/Ignacio ""Nacho"" Varga",1,/tags/Leonel%20Salamanca*s*Ignacio%20%22Nacho%22%20Varga,r
Leonel Salamanca/Marco Salamanca,5,/tags/Leonel%20Salamanca*s*Marco%20Salamanca,r
Episode: s02e13 ABQ,7,/tags/Episode:%20s02e13%20ABQ,f
Episode: s03e01 No Más,3,/tags/Episode:%20s03e01%20No%20M%C3%A1s,f
"Tuco Salamanca/Ignacio ""Nacho"" Varga",12,/tags/Tuco%20Salamanca*s*Ignacio%20%22Nacho%22%20Varga,r
"Domingo ""Krazy-8"" Molina/Eduardo ""Lalo"" Salamanca",5,/tags/Domingo%20%22Krazy-8%22%20Molina*s*Eduardo%20%22Lalo%22%20Salamanca,r
"Domingo ""Krazy-8"" Molina/Eduardo ""Lalo"" Salamanca/Ignacio ""Nacho"" Varga",1,/tags/Domingo%20%22Krazy-8%22%20Molina*s*Eduardo%20%22Lalo%22%20Salamanca*s*Ignacio%20%22Nacho%22%20Varga,r
Movie: El Camino: A Breaking Bad Movie (2019),15,/tags/Movie:%20El%20Camino:%20A%20Breaking%20Bad%20Movie%20(2019),f
Episode: s02e06 Peekaboo,0,/tags/Episode:%20s02e06%20Peekaboo,f
Post-El Camino: A Breaking Bad Movie,39,/tags/Post-El%20Camino:%20A%20Breaking%20Bad%20Movie,f
Episode: s04e02 Thirty-Eight Snub,3,/tags/Episode:%20s04e02%20Thirty-Eight%20Snub,f
Implied Jesse Pinkman/Walter White,17,/tags/Implied%20Jesse%20Pinkman*s*Walter%20White,f
Inspired by Breaking Bad,28,/tags/Inspired%20by%20Breaking%20Bad,f
Todd Alquist/Original Female Character(s),2,/tags/Todd%20Alquist*s*Original%20Female%20Character(s),r
Gale Boetticher & Jesse Pinkman,2,/tags/Gale%20Boetticher%20*a*%20Jesse%20Pinkman,r
"Eduardo ""Lalo"" Salamanca & Ignacio ""Nacho"" Varga",55,/tags/Eduardo%20%22Lalo%22%20Salamanca%20*a*%20Ignacio%20%22Nacho%22%20Varga,r
Domingo “Krazy-8” Molina/Original Female Character(s),4,/tags/Domingo%20%E2%80%9CKrazy-8%E2%80%9D%20Molina*s*Original%20Female%20Character(s),r
Domingo “Krazy-8” Molina/Original Character(s),1,/tags/Domingo%20%E2%80%9CKrazy-8%E2%80%9D%20Molina*s*Original%20Character(s),r
Diane Pinkman & Jesse Pinkman,1,/tags/Diane%20Pinkman%20*a*%20Jesse%20Pinkman,r
Neil Kandy,3,/tags/Neil%20Kandy,c
"Domingo ""Krazy-8"" Molina/You",0,/tags/Domingo%20%22Krazy-8%22%20Molina*s*You,r
"Gustavo Fring/Ignacio ""Nacho"" Varga",5,/tags/Gustavo%20Fring*s*Ignacio%20%22Nacho%22%20Varga,r
"Jimmy McGill | Saul Goodman/Eduardo ""Lalo"" Salamanca",21,/tags/Jimmy%20McGill%20%7C%20Saul%20Goodman*s*Eduardo%20%22Lalo%22%20Salamanca,r
"Tuco Salamanca/Ignacio ""Nacho"" Varga/Original Female Character(s)",0,/tags/Tuco%20Salamanca*s*Ignacio%20%22Nacho%22%20Varga*s*Original%20Female%20Character(s),r
"Tuco Salamanca/Ignacio ""Nacho"" Varga/Original Character(s)",0,/tags/Tuco%20Salamanca*s*Ignacio%20%22Nacho%22%20Varga*s*Original%20Character(s),r
Lydia Rodarte-Quayle/Original Female Character(s),1,/tags/Lydia%20Rodarte-Quayle*s*Original%20Female%20Character(s),r
Beth Greene (Walking Dead)/Jesse Pinkman,0,/tags/Beth%20Greene%20(Walking%20Dead)*s*Jesse%20Pinkman,r
Vanco (Breaking Bad),0,/tags/Vanco%20(Breaking%20Bad),c
Gustavo Fring & Hector Salamanca,0,/tags/Gustavo%20Fring%20*a*%20Hector%20Salamanca,r
"Marie Schrader & Walter ""Flynn"" White Jr.",1,/tags/Marie%20Schrader%20*a*%20Walter%20%22Flynn%22%20White%20Jr*d*,r
"Gustavo Fring/Eduardo ""Lalo"" Salamanca",10,/tags/Gustavo%20Fring*s*Eduardo%20%22Lalo%22%20Salamanca,r
Matty Ehrmantraut/Mike Ehrmantraut,0,/tags/Matty%20Ehrmantraut*s*Mike%20Ehrmantraut,r
Eladio Vuente,43,/tags/Eladio%20Vuente,c
"Ignacio ""Nacho"" Varga/Eladio Vuente",1,/tags/Ignacio%20%22Nacho%22%20Varga*s*Eladio%20Vuente,r
"Ciro/Eduardo ""Lalo"" Salamanca",4,/tags/Ciro*s*Eduardo%20%22Lalo%22%20Salamanca,r
Happy Jesse Pinkman,18,/tags/Happy%20Jesse%20Pinkman,f
"Eduardo ""Lalo"" Salamanca & Hector Salamanca",7,/tags/Eduardo%20%22Lalo%22%20Salamanca%20*a*%20Hector%20Salamanca,r
"Eduardo ""Lalo"" Salamanca/Hector Salamanca",2,/tags/Eduardo%20%22Lalo%22%20Salamanca*s*Hector%20Salamanca,r
Jesse Pinkman & Spooge's Son,0,/tags/Jesse%20Pinkman%20*a*%20Spooge's%20Son,r
Bryan Cranston/Jesse Pinkman,3,/tags/Bryan%20Cranston*s*Jesse%20Pinkman,r
Aaron Paul/Walter White,3,/tags/Aaron%20Paul*s*Walter%20White,r
Jesse Pinkman & Kim Wexler,2,/tags/Jesse%20Pinkman%20*a*%20Kim%20Wexler,r
Matty Ehrmantraut & Mike Ehrmantraut,2,/tags/Matty%20Ehrmantraut%20*a*%20Mike%20Ehrmantraut,r
Mike Ehrmantraut & Original Character(s),4,/tags/Mike%20Ehrmantraut%20*a*%20Original%20Character(s),r
"Jesse Pinkman & Jonathan ""Jon"" Sims | The Archivist",0,/tags/Jesse%20Pinkman%20*a*%20Jonathan%20%22Jon%22%20Sims%20%7C%20The%20Archivist,r
Jesse Pinkman & You,4,/tags/Jesse%20Pinkman%20*a*%20You,r
Jimmy McGill | Saul Goodman & You,6,/tags/Jimmy%20McGill%20%7C%20Saul%20Goodman%20*a*%20You,r
Mike Ehrmantraut/You,2,/tags/Mike%20Ehrmantraut*s*You,r
Tuco Salamanca/You,2,/tags/Tuco%20Salamanca*s*You,r
Jimmy McGill | Saul Goodman/Jimmy McGill | Saul Goodman,1,/tags/Jimmy%20McGill%20%7C%20Saul%20Goodman*s*Jimmy%20McGill%20%7C%20Saul%20Goodman,r
"Domingo ""Krazy-8"" Molina & Ignacio ""Nacho"" Varga",10,/tags/Domingo%20%22Krazy-8%22%20Molina%20*a*%20Ignacio%20%22Nacho%22%20Varga,r
Mike Ehrmantraut & Stacey Ehrmantraut,3,/tags/Mike%20Ehrmantraut%20*a*%20Stacey%20Ehrmantraut,r
"Lydia Rodarte-Quayle & Eduardo ""Lalo"" Salamanca",0,/tags/Lydia%20Rodarte-Quayle%20*a*%20Eduardo%20%22Lalo%22%20Salamanca,r
Jane Margolis Lives,3,/tags/Jane%20Margolis%20Lives,f
Past Jane Margolis/Jesse Pinkman,5,/tags/Past%20Jane%20Margolis*s*Jesse%20Pinkman,f
Episode: s02e11 Mandala,0,/tags/Episode:%20s02e11%20Mandala,f
Jesse Pinkman & Holly White & Walter White,3,/tags/Jesse%20Pinkman%20*a*%20Holly%20White%20*a*%20Walter%20White,r
"Eduardo ""Lalo"" Salamanca/Kim Wexler",8,/tags/Eduardo%20%22Lalo%22%20Salamanca*s*Kim%20Wexler,r
Jesse Pinkman/Skinny Pete,1,/tags/Jesse%20Pinkman*s*Skinny%20Pete,r
Episode: s05e04 Fifty-One,2,/tags/Episode:%20s05e04%20Fifty-One,f
Gustavo Fring/Tuco Salamanca,1,/tags/Gustavo%20Fring*s*Tuco%20Salamanca,r
"Jimmy McGill | Saul Goodman/Eduardo ""Lalo"" Salamanca/Kim Wexler",1,/tags/Jimmy%20McGill%20%7C%20Saul%20Goodman*s*Eduardo%20%22Lalo%22%20Salamanca*s*Kim%20Wexler,r
Casey (Breaking Bad),1,/tags/Casey%20(Breaking%20Bad),c
Mike Ehrmantraut/Stacey Ehrmantraut,7,/tags/Mike%20Ehrmantraut*s*Stacey%20Ehrmantraut,r
Episode: s04e04 Bullet Points,1,/tags/Episode:%20s04e04%20Bullet%20Points,f
Blue Christmeth 2020,1,/tags/Blue%20Christmeth%202020,f
"Eduardo ""Lalo"" Salamanca/You",14,/tags/Eduardo%20%22Lalo%22%20Salamanca*s*You,r
Victor (Breaking Bad)/Original Female Character(s),0,/tags/Victor%20(Breaking%20Bad)*s*Original%20Female%20Character(s),r
Bisexual Jesse Pinkman,31,/tags/Bisexual%20Jesse%20Pinkman,f
Episode: s02e12 Phoenix,1,/tags/Episode:%20s02e12%20Phoenix,f
Jesse Pinkman & Sam Winchester,1,/tags/Jesse%20Pinkman%20*a*%20Sam%20Winchester,r
Carmen Molina,8,/tags/Carmen%20Molina,c
Trans Jesse Pinkman,120,/tags/Trans%20Jesse%20Pinkman,f
Episode: s02e03 Bit by a Dead Bee,2,/tags/Episode:%20s02e03%20Bit%20by%20a%20Dead%20Bee,f
Episode: s02e05 Breakage,1,/tags/Episode:%20s02e05%20Breakage,f
Jesse Pinkman/Hank Schrader/Walter White,0,/tags/Jesse%20Pinkman*s*Hank%20Schrader*s*Walter%20White,r
Pamela Orbic/Kim Wexler,1,/tags/Pamela%20Orbic*s*Kim%20Wexler,r
Pamela Orbic,2,/tags/Pamela%20Orbic,c
"Tuco Salamanca & Ignacio ""Nacho"" Varga",1,/tags/Tuco%20Salamanca%20*a*%20Ignacio%20%22Nacho%22%20Varga,r
"Kaylee Ehrmantraut & Walter ""Flynn"" White Jr.",0,/tags/Kaylee%20Ehrmantraut%20*a*%20Walter%20%22Flynn%22%20White%20Jr*d*,r
"Brandon ""Badger"" Mayhew/Jesse Pinkman/Skinny Pete",2,/tags/Brandon%20%22Badger%22%20Mayhew*s*Jesse%20Pinkman*s*Skinny%20Pete,r
Pamela Orbic/Kim Wexler/Skyler White,0,/tags/Pamela%20Orbic*s*Kim%20Wexler*s*Skyler%20White,r
Juan Bolsa/Gustavo Fring,2,/tags/Juan%20Bolsa*s*Gustavo%20Fring,r
Juan Bolsa & Gustavo Fring,0,/tags/Juan%20Bolsa%20*a*%20Gustavo%20Fring,r
Mike Ehrmantraut Lives,8,/tags/Mike%20Ehrmantraut%20Lives,f
Tyrus Kitt & Victor,2,/tags/Tyrus%20Kitt%20*a*%20Victor,r
Francis (Last House on the Left)/Jesse Pinkman,0,/tags/Francis%20(Last%20House%20on%20the%20Left)*s*Jesse%20Pinkman,r
Creepy Todd Alquist,3,/tags/Creepy%20Todd%20Alquist,f
Andrew Cuomo/Mike Ehrmantraut,0,/tags/Andrew%20Cuomo*s*Mike%20Ehrmantraut,r
Episode: s04e10 Salud,1,/tags/Episode:%20s04e10%20Salud,f
Mike Ehrmantraut/Gustavo Fring/Jesse Pinkman,5,/tags/Mike%20Ehrmantraut*s*Gustavo%20Fring*s*Jesse%20Pinkman,r
Gustavo Fring/Hector Salamanca,0,/tags/Gustavo%20Fring*s*Hector%20Salamanca,r
Andrea Cantillo/Jack Welker,0,/tags/Andrea%20Cantillo*s*Jack%20Welker,r
Andrea Cantillo/Other(s),0,/tags/Andrea%20Cantillo*s*Other(s),r
Episode: s04e12 End Times,2,/tags/Episode:%20s04e12%20End%20Times,f
Episode: s04e13 Face Off,2,/tags/Episode:%20s04e13%20Face%20Off,f
Teacher Walter White,5,/tags/Teacher%20Walter%20White,f
Trans Gustavo Fring,4,/tags/Trans%20Gustavo%20Fring,f
Gale Boetticher & Lydia Rodarte-Quayle,1,/tags/Gale%20Boetticher%20*a*%20Lydia%20Rodarte-Quayle,r
"Eduardo ""Lalo"" Salamanca & Tuco Salamanca",5,/tags/Eduardo%20%22Lalo%22%20Salamanca%20*a*%20Tuco%20Salamanca,r
Stacey Ehrmantraut/Kim Wexler,0,/tags/Stacey%20Ehrmantraut*s*Kim%20Wexler,r
Jane Margolis/Kim Wexler,0,/tags/Jane%20Margolis*s*Kim%20Wexler,r
Jane Margolis/Carmen Molina/Kim Wexler,0,/tags/Jane%20Margolis*s*Carmen%20Molina*s*Kim%20Wexler,r
Andrea Cantillo/Kim Wexler,0,/tags/Andrea%20Cantillo*s*Kim%20Wexler,r
Marie Schrader/Kim Wexler/Skyler White,0,/tags/Marie%20Schrader*s*Kim%20Wexler*s*Skyler%20White,r
Walter White & Other(s),2,/tags/Walter%20White%20*a*%20Other(s),r
Gustavo Fring/Hannibal Lecter,7,/tags/Gustavo%20Fring*s*Hannibal%20Lecter,r
Hurt Jesse Pinkman,19,/tags/Hurt%20Jesse%20Pinkman,f
Trans Jimmy McGill | Saul Goodman,9,/tags/Trans%20Jimmy%20McGill%20%7C%20Saul%20Goodman,f
Episode: s04e08 Hermanos,4,/tags/Episode:%20s04e08%20Hermanos,f
Episode: s01e04 Cancer Man,0,/tags/Episode:%20s01e04%20Cancer%20Man,f
Elliott Schwartz/Gretchen Schwartz/Walter White,0,/tags/Elliott%20Schwartz*s*Gretchen%20Schwartz*s*Walter%20White,r
"Walter White/Walter ""Flynn"" White Jr.",2,/tags/Walter%20White*s*Walter%20%22Flynn%22%20White%20Jr*d*,r
"Brandon ""Badger"" Mayhew & Wendy",1,/tags/Brandon%20%22Badger%22%20Mayhew%20*a*%20Wendy,r
"Eduardo ""Lalo"" Salamanca/Tuco Salamanca",5,/tags/Eduardo%20%22Lalo%22%20Salamanca*s*Tuco%20Salamanca,r
Enoshima Junko/Walter White,0,/tags/Enoshima%20Junko*s*Walter%20White,r
Episode: s03e05 Más,0,/tags/Episode:%20s03e05%20M%C3%A1s,f
Walter White/Zaizen Aoi,0,/tags/Walter%20White*s*Zaizen%20Aoi,r
Jesse Pinkman/Kendall Roy,1,/tags/Jesse%20Pinkman*s*Kendall%20Roy,r
The Disappearer | Ed & Mike Ehrmantraut,0,/tags/The%20Disappearer%20%7C%20Ed%20*a*%20Mike%20Ehrmantraut,r
Rick Grimes & Walter White,1,/tags/Rick%20Grimes%20*a*%20Walter%20White,r
Tuco Salamanca/Walter White,0,/tags/Tuco%20Salamanca*s*Walter%20White,r
Rue Bennett & Jesse Pinkman,0,/tags/Rue%20Bennett%20*a*%20Jesse%20Pinkman,r
Donald Margolis/Egon Spengler,0,/tags/Donald%20Margolis*s*Egon%20Spengler,r
Episode: s04e11 Crawl Space,2,/tags/Episode:%20s04e11%20Crawl%20Space,f
Dennis Markowski,2,/tags/Dennis%20Markowski,c
Tyrus Kitt & Jesse Pinkman,1,/tags/Tyrus%20Kitt%20*a*%20Jesse%20Pinkman,r
Papyrus (Undertale)/Walter White,1,/tags/Papyrus%20(Undertale)*s*Walter%20White,r
Sans (Undertale)/Walter White,0,/tags/Sans%20(Undertale)*s*Walter%20White,r
Bogdan Wolynetz,1,/tags/Bogdan%20Wolynetz,c
Episode: s02e08 Better Call Saul (Breaking Bad),7,/tags/Episode:%20s02e08%20Better%20Call%20Saul%20(Breaking%20Bad),f
Jesse Pinkman/Sookie Stackhouse,0,/tags/Jesse%20Pinkman*s*Sookie%20Stackhouse,r
Kaylee Ehrmantraut & Jesse Pinkman,0,/tags/Kaylee%20Ehrmantraut%20*a*%20Jesse%20Pinkman,r
"Domingo ""Krazy-8"" Molina & Manuel Varga",0,/tags/Domingo%20%22Krazy-8%22%20Molina%20*a*%20Manuel%20Varga,r
L (Death Note)/Walter White,0,/tags/L%20(Death%20Note)*s*Walter%20White,r
Mentioned Jesse Pinkman,5,/tags/Mentioned%20Jesse%20Pinkman,f
Harvey Dent/Jimmy McGill | Saul Goodman,0,/tags/Harvey%20Dent*s*Jimmy%20McGill%20%7C%20Saul%20Goodman,r
Kaylee Ehrmantraut/Gustavo Fring,0,/tags/Kaylee%20Ehrmantraut*s*Gustavo%20Fring,r
"Eduardo ""Lalo"" Salamanca/Margarethe Ziegler",1,/tags/Eduardo%20%22Lalo%22%20Salamanca*s*Margarethe%20Ziegler,r
"Mike Ehrmantraut/Eduardo ""Lalo"" Salamanca",1,/tags/Mike%20Ehrmantraut*s*Eduardo%20%22Lalo%22%20Salamanca,r
"Aaron Hotchner/Eduardo ""Lalo"" Salamanca",1,/tags/Aaron%20Hotchner*s*Eduardo%20%22Lalo%22%20Salamanca,r
"Walter White & Walter ""Flynn"" White Jr.",6,/tags/Walter%20White%20*a*%20Walter%20%22Flynn%22%20White%20Jr*d*,r
"Vaas Montenegro/Eduardo ""Lalo"" Salamanca",2,/tags/Vaas%20Montenegro*s*Eduardo%20%22Lalo%22%20Salamanca,r
Andrea Cantillo/Jesse Pinkman/Jack Welker,1,/tags/Andrea%20Cantillo*s*Jesse%20Pinkman*s*Jack%20Welker,r
Mike Ehrmantraut/Walter White,7,/tags/Mike%20Ehrmantraut*s*Walter%20White,r
Sebastian (Stardew Valley)/Walter White,3,/tags/Sebastian%20(Stardew%20Valley)*s*Walter%20White,r
Huell Babineaux/Walter White,0,/tags/Huell%20Babineaux*s*Walter%20White,r
Jimmy McGill | Saul Goodman/Everyone,0,/tags/Jimmy%20McGill%20%7C%20Saul%20Goodman*s*Everyone,r
Howard Hamlin & Jimmy McGill | Saul Goodman,6,/tags/Howard%20Hamlin%20*a*%20Jimmy%20McGill%20%7C%20Saul%20Goodman,r
"Eduardo ""Lalo"" Salamanca/Leonel Salamanca",2,/tags/Eduardo%20%22Lalo%22%20Salamanca*s*Leonel%20Salamanca,r
"Eduardo ""Lalo"" Salamanca/Marco Salamanca",2,/tags/Eduardo%20%22Lalo%22%20Salamanca*s*Marco%20Salamanca,r
Episode: s03e06 Sunset (Breaking Bad),0,/tags/Episode:%20s03e06%20Sunset%20(Breaking%20Bad),f
Hank Schrader & Shane Walsh,0,/tags/Hank%20Schrader%20*a*%20Shane%20Walsh,r
Sol Badguy | Frederick Bulsara/Jimmy McGill | Saul Goodman,0,/tags/Sol%20Badguy%20%7C%20Frederick%20Bulsara*s*Jimmy%20McGill%20%7C%20Saul%20Goodman,r
Felonius Gru/Walter White,0,/tags/Felonius%20Gru*s*Walter%20White,r
Howard Hamlin/Jimmy McGill | Saul Goodman/Kim Wexler,1,/tags/Howard%20Hamlin*s*Jimmy%20McGill%20%7C%20Saul%20Goodman*s*Kim%20Wexler,r
"Jimmy McGill | Saul Goodman & Eduardo ""Lalo"" Salamanca",5,/tags/Jimmy%20McGill%20%7C%20Saul%20Goodman%20*a*%20Eduardo%20%22Lalo%22%20Salamanca,r
Marie Schrader/Skyler White,1,/tags/Marie%20Schrader*s*Skyler%20White,r
Ken (Breaking Bad),1,/tags/Ken%20(Breaking%20Bad),c
"Natasha Romanov (Marvel)/Eduardo ""Lalo"" Salamanca",0,/tags/Natasha%20Romanov%20(Marvel)*s*Eduardo%20%22Lalo%22%20Salamanca,r
"Howard Hamlin/Eduardo ""Lalo"" Salamanca",49,/tags/Howard%20Hamlin*s*Eduardo%20%22Lalo%22%20Salamanca,r
Alexis | Quackity/Walter White,0,/tags/Alexis%20%7C%20Quackity*s*Walter%20White,r
Mike Ehrmantraut/Gustavo Fring/Jesse Pinkman/Walter White,0,/tags/Mike%20Ehrmantraut*s*Gustavo%20Fring*s*Jesse%20Pinkman*s*Walter%20White,r
Episode: s05e01 Live Free or Die (Breaking Bad),1,/tags/Episode:%20s05e01%20Live%20Free%20or%20Die%20(Breaking%20Bad),f
Joaquin Salamanca,2,/tags/Joaquin%20Salamanca,c
Mike Ehrmantraut/Werner Ziegler,4,/tags/Mike%20Ehrmantraut*s*Werner%20Ziegler,r
William Afton | Dave Miller/Walter White,0,/tags/William%20Afton%20%7C%20Dave%20Miller*s*Walter%20White,r
Jschlatt (Video Blogging RPF)/Walter White,0,/tags/Jschlatt%20(Video%20Blogging%20RPF)*s*Walter%20White,r
Tortuga (Breaking Bad),0,/tags/Tortuga%20(Breaking%20Bad),c
Jane Margolis/Walter White,1,/tags/Jane%20Margolis*s*Walter%20White,r
Jimmy Donaldson & Jesse Pinkman,1,/tags/Jimmy%20Donaldson%20*a*%20Jesse%20Pinkman,r
David/Gustavo Fring,3,/tags/David*s*Gustavo%20Fring,r
Jimmy McGill | Saul Goodman/Matt Murdock,0,/tags/Jimmy%20McGill%20%7C%20Saul%20Goodman*s*Matt%20Murdock,r
Mike Ehrmantraut & Lyle,0,/tags/Mike%20Ehrmantraut%20*a*%20Lyle,r
Bottom Jimmy McGill | Saul Goodman,3,/tags/Bottom%20Jimmy%20McGill%20%7C%20Saul%20Goodman,f
Hank Schrader & Walter White,3,/tags/Hank%20Schrader%20*a*%20Walter%20White,r
Jimmy McGill | Saul Goodman/Wario (Nintendo),1,/tags/Jimmy%20McGill%20%7C%20Saul%20Goodman*s*Wario%20(Nintendo),r
Walter White/Everyone,0,/tags/Walter%20White*s*Everyone,r
Mike Ehrmantraut/Howard Hamlin,1,/tags/Mike%20Ehrmantraut*s*Howard%20Hamlin,r
Mike Ehrmantraut & Howard Hamlin,3,/tags/Mike%20Ehrmantraut%20*a*%20Howard%20Hamlin,r
Luigi (Nintendo)/Walter White,0,/tags/Luigi%20(Nintendo)*s*Walter%20White,r
The Once-ler (The Lorax)/Walter White,0,/tags/The%20Once-ler%20(The%20Lorax)*s*Walter%20White,r
Jimmy McGill | Saul Goodman/Bill Oakley,1,/tags/Jimmy%20McGill%20%7C%20Saul%20Goodman*s*Bill%20Oakley,r
Episode: s03e10 Fly (Breaking Bad),3,/tags/Episode:%20s03e10%20Fly%20(Breaking%20Bad),f
Episode: s05e09 Blood Money (Breaking Bad),2,/tags/Episode:%20s05e09%20Blood%20Money%20(Breaking%20Bad),f
Episode: s02e10 Over (Breaking Bad),0,/tags/Episode:%20s02e10%20Over%20(Breaking%20Bad),f
Walter White/Hank J. Wimbleton,0,/tags/Walter%20White*s*Hank%20J*d*%20Wimbleton,r
Stede Bonnet & Jesse Pinkman,1,/tags/Stede%20Bonnet%20*a*%20Jesse%20Pinkman,r
Stede Bonnet & Walter White,1,/tags/Stede%20Bonnet%20*a*%20Walter%20White,r
Blackbeard | Edward Teach & Walter White,1,/tags/Blackbeard%20%7C%20Edward%20Teach%20*a*%20Walter%20White,r
Blackbeard | Edward Teach & Jesse Pinkman,1,/tags/Blackbeard%20%7C%20Edward%20Teach%20*a*%20Jesse%20Pinkman,r
Walter White & Original Female Character(s),3,/tags/Walter%20White%20*a*%20Original%20Female%20Character(s),r
Jimmy McGill | Saul Goodman/Reigen Arataka,1,/tags/Jimmy%20McGill%20%7C%20Saul%20Goodman*s*Reigen%20Arataka,r
Juan Bolsa/Original Female Character(s),1,/tags/Juan%20Bolsa*s*Original%20Female%20Character(s),r
Gretchen Schwartz/Skyler White,0,/tags/Gretchen%20Schwartz*s*Skyler%20White,r
Mike Ehrmantraut/Kim Wexler,1,/tags/Mike%20Ehrmantraut*s*Kim%20Wexler,r
Gustavo Fring/Eladio Vuente,0,/tags/Gustavo%20Fring*s*Eladio%20Vuente,r
Emily (Stardew Valley)/Walter White,1,/tags/Emily%20(Stardew%20Valley)*s*Walter%20White,r
Jimmy McGill | Saul Goodman/Jennifer Walters,0,/tags/Jimmy%20McGill%20%7C%20Saul%20Goodman*s*Jennifer%20Walters,r
Jeff/Jimmy McGill | Saul Goodman,0,/tags/Jeff*s*Jimmy%20McGill%20%7C%20Saul%20Goodman,r
Jimmy McGill | Saul Goodman/Kim Wexler/Original Male Character(s),0,/tags/Jimmy%20McGill%20%7C%20Saul%20Goodman*s*Kim%20Wexler*s*Original%20Male%20Character(s),r
"Howard Hamlin/Jimmy McGill | Saul Goodman/Eduardo ""Lalo"" Salamanca/Kim Wexler",0,/tags/Howard%20Hamlin*s*Jimmy%20McGill%20%7C%20Saul%20Goodman*s*Eduardo%20%22Lalo%22%20Salamanca*s*Kim%20Wexler,r
Leonel Salamanca/Original Female Character(s),0,/tags/Leonel%20Salamanca*s*Original%20Female%20Character(s),r
Marco Salamanca/Original Female Character(s),2,/tags/Marco%20Salamanca*s*Original%20Female%20Character(s),r
Walter White is Heisenberg,3,/tags/Walter%20White%20is%20Heisenberg,f
Walter White/Dr. Xeno (Dr. STONE),0,/tags/Walter%20White*s*Dr*d*%20Xeno%20(Dr*d*%20STONE),r
"Jesse Pinkman/Eduardo ""Lalo"" Salamanca",2,/tags/Jesse%20Pinkman*s*Eduardo%20%22Lalo%22%20Salamanca,r
Jesse Pinkman/Twilight Sparkle (My Little Pony: Friendship is Magic),1,/tags/Jesse%20Pinkman*s*Twilight%20Sparkle%20(My%20Little%20Pony:%20Friendship%20is%20Magic),r
John Marston/Jesse Pinkman,1,/tags/John%20Marston*s*Jesse%20Pinkman,r
Dutch van der Linde/Walter White,1,/tags/Dutch%20van%20der%20Linde*s*Walter%20White,r
Mike Ehrmantraut & Jesse Pinkman & Walter White,1,/tags/Mike%20Ehrmantraut%20*a*%20Jesse%20Pinkman%20*a*%20Walter%20White,r
Skinny Pete (Breaking Bad),37,/tags/Skinny%20Pete%20(Breaking%20Bad),c
Skinny Pete (Breaking Bad) & Original Character(s),0,/tags/Skinny%20Pete%20(Breaking%20Bad)%20*a*%20Original%20Character(s),r
Edward Cullen/Jimmy McGill | Saul Goodman,1,/tags/Edward%20Cullen*s*Jimmy%20McGill%20%7C%20Saul%20Goodman,r
Jimmy McGill | Saul Goodman & Jesse Pinkman & Walter White,1,/tags/Jimmy%20McGill%20%7C%20Saul%20Goodman%20*a*%20Jesse%20Pinkman%20*a*%20Walter%20White,r
Dhar Mann/Walter White,0,/tags/Dhar%20Mann*s*Walter%20White,r
Mark Heathcliff/Jimmy McGill | Saul Goodman,0,/tags/Mark%20Heathcliff*s*Jimmy%20McGill%20%7C%20Saul%20Goodman,r
Jesse Pinkman/Walter White/Original Male Character(s),3,/tags/Jesse%20Pinkman*s*Walter%20White*s*Original%20Male%20Character(s),r
Austin Butler/Mike Ehrmantraut,0,/tags/Austin%20Butler*s*Mike%20Ehrmantraut,r
Submissive Jimmy McGill | Saul Goodman,25,/tags/Submissive%20Jimmy%20McGill%20%7C%20Saul%20Goodman,f
Sayori (Doki Doki Literature Club!) & Walter White,1,/tags/Sayori%20(Doki%20Doki%20Literature%20Club!)%20*a*%20Walter%20White,r
Tuco Salamanca & Sayori (Doki Doki Literature Club!),1,/tags/Tuco%20Salamanca%20*a*%20Sayori%20(Doki%20Doki%20Literature%20Club!),r
Sebastian (Stardew Valley) & Walter White,1,/tags/Sebastian%20(Stardew%20Valley)%20*a*%20Walter%20White,r
Jesse Pinkman & Sayori (Doki Doki Literature Club!),0,/tags/Jesse%20Pinkman%20*a*%20Sayori%20(Doki%20Doki%20Literature%20Club!),r
Canada (Anthropomorphic) & Walter White,0,/tags/Canada%20(Anthropomorphic)%20*a*%20Walter%20White,r
Sleazy Jimmy McGill | Saul Goodman,7,/tags/Sleazy%20Jimmy%20McGill%20%7C%20Saul%20Goodman,f
Walter White & Original Character(s),3,/tags/Walter%20White%20*a*%20Original%20Character(s),r
Jimmy McGill | Saul Goodman & Ruben Patterson,0,/tags/Jimmy%20McGill%20%7C%20Saul%20Goodman%20*a*%20Ruben%20Patterson,r
Jimmy McGill | Saul Goodman/Ruben Patterson,0,/tags/Jimmy%20McGill%20%7C%20Saul%20Goodman*s*Ruben%20Patterson,r
Manipulative Walter White,6,/tags/Manipulative%20Walter%20White,f
Jimmy McGill | Saul Goodman & Yanfei (Genshin Impact),0,/tags/Jimmy%20McGill%20%7C%20Saul%20Goodman%20*a*%20Yanfei%20(Genshin%20Impact),r
Jane Margolis/You,1,/tags/Jane%20Margolis*s*You,r
Todd Alquist/Walter White,2,/tags/Todd%20Alquist*s*Walter%20White,r
Todd Alquist/Jack Welker,2,/tags/Todd%20Alquist*s*Jack%20Welker,r
Todd Alquist/Original Male Character(s),1,/tags/Todd%20Alquist*s*Original%20Male%20Character(s),r
Possessive Walter White,7,/tags/Possessive%20Walter%20White,f
Jesse Pinkman/Marie Schrader/Kim Wexler,0,/tags/Jesse%20Pinkman*s*Marie%20Schrader*s*Kim%20Wexler,r
Tasque Manager/Walter White,0,/tags/Tasque%20Manager*s*Walter%20White,r
Episode: s01e07 A No-Rough-Stuff-Type Deal,1,/tags/Episode:%20s01e07%20A%20No-Rough-Stuff-Type%20Deal,f
Wilbur Soot & Walter White,1,/tags/Wilbur%20Soot%20*a*%20Walter%20White,r
"Brandon ""Badger"" Mayhew & Christian ""Combo"" Ortega & Jesse Pinkman & Skinny Pete",1,/tags/Brandon%20%22Badger%22%20Mayhew%20*a*%20Christian%20%22Combo%22%20Ortega%20*a*%20Jesse%20Pinkman%20*a*%20Skinny%20Pete,r
Golden Freddy (Five Nights at Freddy's) & Jesse Pinkman,0,/tags/Golden%20Freddy%20(Five%20Nights%20at%20Freddy's)%20*a*%20Jesse%20Pinkman,r
Episode: s01e01 Pilot (Breaking Bad),0,/tags/Episode:%20s01e01%20Pilot%20(Breaking%20Bad),f
Gustavo Fring & Lyle,1,/tags/Gustavo%20Fring%20*a*%20Lyle,r
Ellie (The Last of Us) & Jesse Pinkman,1,/tags/Ellie%20(The%20Last%20of%20Us)%20*a*%20Jesse%20Pinkman,r
Jesse Pinkman & Snoop Dogg,1,/tags/Jesse%20Pinkman%20*a*%20Snoop%20Dogg,r
Jesse Pinkman & Jade West,1,/tags/Jesse%20Pinkman%20*a*%20Jade%20West,r
Francis (Malcolm in the Middle)/Jesse Pinkman,0,/tags/Francis%20(Malcolm%20in%20the%20Middle)*s*Jesse%20Pinkman,r
Jimmy McGill | Saul Goodman/Skinny Pete,1,/tags/Jimmy%20McGill%20%7C%20Saul%20Goodman*s*Skinny%20Pete,r
"Brandon ""Badger"" Mayhew/Lydia Rodarte-Quayle",1,/tags/Brandon%20%22Badger%22%20Mayhew*s*Lydia%20Rodarte-Quayle,r
Marie Schrader/Kim Wexler,1,/tags/Marie%20Schrader*s*Kim%20Wexler,r
Walter White/You,1,/tags/Walter%20White*s*You,r
Marie Schrader/You,0,/tags/Marie%20Schrader*s*You,r
Lydia Rodarte-Quayle/You,0,/tags/Lydia%20Rodarte-Quayle*s*You,r
Skinny Pete (Breaking Bad) & You,0,/tags/Skinny%20Pete%20(Breaking%20Bad)%20*a*%20You,r
Huell Babineaux/You,0,/tags/Huell%20Babineaux*s*You,r
"Brandon ""Badger"" Mayhew/You",0,/tags/Brandon%20%22Badger%22%20Mayhew*s*You,r
"Brandon ""Badger"" Mayhew & You",0,/tags/Brandon%20%22Badger%22%20Mayhew%20*a*%20You,r
"Brandon ""Badger Mayhew/Jesse Pinkman/You",0,/tags/Brandon%20%22Badger%20Mayhew*s*Jesse%20Pinkman*s*You,r
Jo (Better Call Saul)/Jane Margolis,0,/tags/Jo%20(Better%20Call%20Saul)*s*Jane%20Margolis,r
Diluc (Genshin Impact)/Walter White,0,/tags/Diluc%20(Genshin%20Impact)*s*Walter%20White,r
"Eduardo ""Lalo"" Salamanca/Tuco Salamanca/Ignacio ""Nacho"" Varga",0,/tags/Eduardo%20%22Lalo%22%20Salamanca*s*Tuco%20Salamanca*s*Ignacio%20%22Nacho%22%20Varga,r
Mike Ehrmantraut & Gustavo Fring & Jesse Pinkman,1,/tags/Mike%20Ehrmantraut%20*a*%20Gustavo%20Fring%20*a*%20Jesse%20Pinkman,r
Link (Legend of Zelda) & Shiratori Aira (Ensemble Stars!) & Walter White & Original Character(s),0,/tags/Link%20(Legend%20of%20Zelda)%20*a*%20Shiratori%20Aira%20(Ensemble%20Stars!)%20*a*%20Walter%20White%20*a*%20Original%20Character(s),r
Jimmy McGill | Saul Goodman/Park Jinyoung | JYP,0,/tags/Jimmy%20McGill%20%7C%20Saul%20Goodman*s*Park%20Jinyoung%20%7C%20JYP,r
Jane Margolis & You,1,/tags/Jane%20Margolis%20*a*%20You,r
Jeon Jungkook/Jesse Pinkman,0,/tags/Jeon%20Jungkook*s*Jesse%20Pinkman,r
Jimmy McGill | Saul Goodman/Spot | Bagel Guy (Spider-Man: Across the Spider-Verse),1,/tags/Jimmy%20McGill%20%7C%20Saul%20Goodman*s*Spot%20%7C%20Bagel%20Guy%20(Spider-Man:%20Across%20the%20Spider-Verse),r
"Amber/Jo/Eduardo ""Lalo"" Salamanca",0,/tags/Amber*s*Jo*s*Eduardo%20%22Lalo%22%20Salamanca,r
"Eduardo ""Lalo"" Salamanca/Ignacio ""Nacho"" Varga/You",0,/tags/Eduardo%20%22Lalo%22%20Salamanca*s*Ignacio%20%22Nacho%22%20Varga*s*You,r
"Eduardo ""Lalo"" Salamanca/Ignacio ""Nacho"" Varga/Original Female Character(s)",0,/tags/Eduardo%20%22Lalo%22%20Salamanca*s*Ignacio%20%22Nacho%22%20Varga*s*Original%20Female%20Character(s),r
"Gustavo Fring & Eduardo ""Lalo"" Salamanca",0,/tags/Gustavo%20Fring%20*a*%20Eduardo%20%22Lalo%22%20Salamanca,r
Episode: s02e01 Seven Thirty-Seven (Breaking Bad),0,/tags/Episode:%20s02e01%20Seven%20Thirty-Seven%20(Breaking%20Bad),f
